Citation,Year,Dataset,Method,Metrics,KeyFindings,Limitations,Relevance
"Darban, Z. Z., et al. Deep Learning for Time Series Anomaly Detection: A Survey",2024,Multiple,Survey,N/A,Provided taxonomy of deep learning models for anomaly detection,N/A,High - outlines state of the art in the field
"Zhao, R., et al. Deep learning and its applications to machine health monitoring",2019,Multiple,Deep Learning review,N/A,Highlights need for advanced feature extraction in IIoT,Focuses largely on supervised,Medium
"Malhotra, P., et al. Long Short Term Memory Networks for Anomaly Detection in Time Series",2015,Multiple,LSTM-AE,Precision/Recall/F1,LSTM-AE successfully identifies anomalies without labels,Struggles with high stochasticity,High - foundational for LSTM-AE
"Park, D., et al. Multimodal Anomaly Detection based on Deep Learning for Time Series",2018,Industrial Sensor Data,LSTM-AE,ROC-AUC,LSTM outperforms standard dense AEs for sequence data,Computationally heavy,High
"Kieu, T., et al. Outlier Detection for Time Series with Recurrent Autoencoder Ensembles",2019,Time Series datasets,2D-Conv LSTM AE,F1-score,Ensembles reduce false positives,High training time,High
"Borghesi, A., et al. Anomaly Detection using Autoencoders in High Performance Computing Systems",2019,HPC logs,Autoencoder,F1-score,Standard AEs work well for early anomaly detection,Lacks sequential memory,Medium
"[UNVERIFIED] Hundt, S., et al. Bi-directional LSTM Autoencoder for Time-Series",2020,Various,Bi-LSTM-AE,F1-score,Bi-directional context improves detection,Can't run fully real-time (needs future context),High
"Liu, F. T., Ting, K. M., & Zhou, Z. H. Isolation Forest",2008,Various,Isolation Forest,ROC-AUC,Isolating anomalies is faster and more accurate than profiling normal data,Struggles with dense multi-modal normal clusters,High - Foundational
"Ding, Z., et al. Streaming Anomaly Detection Using Isolation Forest",2019,IoT streaming,Streaming iForest,Accuracy/Latency,Adapts to concept drift in IIoT,Threshold tuning can be complex,Medium
"Hariri, S., et al. Extended Isolation Forest",2019,Various,Extended iForest,ROC-AUC,Random slope slicing fixes original iForest artifacts,Slightly higher compute,Medium
"Saxena, A., et al. Damage Propagation Modeling for Aircraft Engine Run-to-Failure Simulation",2008,NASA C-MAPSS,Simulation,N/A,Provided standard turbofan dataset for PdM,Simulation data lacks some real-world noise,High - Dataset source
"Babu, G. S., et al. Deep Convolutional Neural Network Based Regression Approach for Estimation of Remaining Useful Life",2016,NASA C-MAPSS,CNN,RMSE,CNN extracts spatial-like features from sensor sequences,Supervised only,Medium
"[UNVERIFIED] El-Attar, A., et al. Unsupervised deep learning for anomaly detection in NASA C-MAPSS",2021,NASA C-MAPSS,LSTM-AE,F1-score,Training on early cycles effectively detects later degradation,Hard to set anomaly threshold,High
"Listou Ellefsen, A., et al. Remaining useful life predictions for turbofan engine degradation using semi-supervised deep architecture",2019,NASA C-MAPSS,RBM/AE,RMSE/Score,Unsupervised pre-training improves RUL accuracy,Requires some labels for final stage,Medium
"[UNVERIFIED] Michau, G., et al. Domain Adaptation for Unsupervised Fault Detection",2022,NASA C-MAPSS (FD002/FD004),Domain Adaptation AE,F1-score,Improves generalization across operating conditions,Complex architecture,High
"Schmidl, M., et al. Anomaly detection in time series: a comprehensive evaluation",2022,Multiple time series,Evaluation study,F1/ROC-AUC,Isolation Forest is competitive; LSTM-AE is best for periodic data,N/A,High
"[UNVERIFIED] Garg, A., et al. Evaluation of Deep Learning Models for Time-Series Anomaly Detection",2021,Various,VAE vs LSTM-AE,F1/AUC,VAEs provide better thresholding mechanisms than deterministic AEs,Requires tuning latent priors,High
